"Name","Color","Rarity","# Seen","ALSA","# Picked","ATA","# GP","% GP","GP WR","# OH","OH WR","# GD","GD WR","# GIH","GIH WR","# GNS","GNS WR","IIH"
"Archon of the Wild Rose","W","R","14420","1.64","8687","1.58","45378","85.9%","55.1%","7413","57.1%","11526","58.8%","18939","58.1%","26504","52.9%","5.2pp"
"Archon's Glory","W","C","407703","6.73","66919","9.24","222748","54.0%","56.0%","35082","55.6%","51764","57.6%","86846","56.8%","135718","55.5%","1.3pp"
"Armory Mice","W","C","406890","6.77","59756","9.41","190104","51.9%","55.2%","33807","55.6%","39940","51.9%","73747","53.6%","116369","56.2%","-2.6pp"
"Besotted Knight","W","C","370498","5.63","48405","8.26","179242","61.1%","53.7%","29479","53.5%","42134","54.2%","71613","53.9%","107548","53.6%","0.3pp"
"Break the Spell","W","C","434866","8.24","43896","12.12","19537","7.4%","50.1%","3038","48.6%","4522","51.2%","7560","50.2%","11949","50.1%","0.1pp"
"Charmed Clothier","W","C","396776","6.47","44767","9.70","113209","42.0%","52.6%","17211","51.4%","27710","53.5%","44921","52.7%","68307","52.5%","0.1pp"
"Cheeky House-Mouse","W","U","135338","4.89","22824","6.64","92879","66.2%","55.9%","16556","58.2%","20007","53.5%","36563","55.7%","56320","56.0%","-0.3pp"
"Cooped Up","W","C","260251","3.74","59198","4.88","307584","84.7%","55.3%","52223","54.5%","76285","57.9%","128508","56.5%","178134","54.4%","2.1pp"
"Cursed Courtier","W","U","114131","4.10","22324","5.40","99857","74.0%","53.6%","17182","53.8%","23978","53.3%","41160","53.5%","58809","53.7%","-0.1pp"
"Discerning Financier","W","U","135213","5.09","15914","7.61","43820","46.0%","51.6%","7619","51.0%","10306","51.4%","17925","51.2%","25910","51.8%","-0.5pp"
"Dutiful Griffin","W","U","143918","5.51","17084","8.14","42303","41.4%","51.7%","6632","48.2%","10630","52.6%","17262","50.9%","25102","52.1%","-1.2pp"
"Eerie Interference","W","U","176717","7.78","17755","11.79","2798","2.6%","48.4%","419","","648","47.7%","1067","46.3%","1727","49.7%","-3.4pp"
"Expel the Interlopers","W","R","17704","2.04","8976","2.00","43049","78.8%","54.6%","7110","54.8%","11094","58.5%","18204","57.1%","24837","52.7%","4.4pp"
"Frostbridge Guard","W","C","397933","6.61","44096","9.78","106126","39.8%","52.6%","18583","52.7%","24981","51.8%","43564","52.2%","62484","53.0%","-0.8pp"
"Gallant Pie-Wielder","W","U","125960","4.60","21035","6.23","86465","67.9%","54.4%","14637","54.6%","18950","52.5%","33587","53.4%","52972","55.0%","-1.6pp"
"Glass Casket","W","U","107277","3.82","21820","5.03","100193","75.9%","54.3%","17652","53.7%","24026","55.0%","41678","54.5%","58361","54.1%","0.3pp"
"Hopeful Vigil","W","C","274343","3.96","69849","4.99","366996","84.8%","56.2%","66365","59.8%","86442","56.3%","152807","57.8%","213946","55.1%","2.8pp"
"Kellan's Lightblades","W","C","336741","4.98","53083","7.03","224224","70.1%","53.4%","37995","52.4%","56941","55.3%","94936","54.1%","129056","52.8%","1.3pp"
"Knight of Doves","W","U","136259","5.29","15659","7.70","42079","45.1%","50.3%","7023","47.5%","9964","50.4%","16987","49.2%","25038","51.1%","-1.9pp"
"Moment of Valor","W","C","408304","6.88","43742","10.38","72808","27.4%","53.0%","11229","51.8%","17492","54.3%","28721","53.3%","44034","52.8%","0.5pp"
"Moonshaker Cavalry","W","M","10594","2.37","2955","2.49","10076","57.9%","50.4%","1479","46.0%","2443","52.7%","3922","50.2%","6126","50.5%","-0.3pp"
"Plunge into Winter","W","C","433456","8.29","42299","12.22","21230","8.3%","49.4%","3580","46.4%","5568","52.3%","9148","50.0%","12056","48.9%","1.1pp"
"The Princess Takes Flight","W","U","97168","3.57","30873","4.13","147000","77.2%","55.9%","24423","56.5%","37987","59.3%","62410","58.2%","84718","54.2%","4.0pp"
"Protective Parents","W","C","410747","7.01","42543","10.51","71848","28.0%","51.4%","12043","50.8%","16191","50.0%","28234","50.3%","43609","52.0%","-1.7pp"
"Regal Bunnicorn","W","R","15695","1.80","9034","1.81","48583","87.0%","56.3%","8677","61.3%","12094","58.5%","20771","59.7%","27963","53.8%","5.8pp"
"Return Triumphant","W","C","398479","6.57","51301","9.52","147232","47.0%","54.3%","23141","52.8%","33522","54.4%","56663","53.8%","90451","54.6%","-0.8pp"
"Rimefur Reindeer","W","C","409968","7.16","40632","10.76","58537","23.9%","51.3%","9258","50.1%","14058","51.0%","23316","50.6%","35229","51.8%","-1.2pp"
"Savior of the Sleeping","W","C","400337","6.73","38479","10.30","70974","30.7%","51.2%","12116","50.2%","16357","50.9%","28473","50.6%","42463","51.6%","-1.0pp"
"Slumbering Keepguard","W","C","410540","7.22","42726","10.76","71894","27.7%","52.2%","12629","53.4%","15369","49.7%","27998","51.3%","43846","52.8%","-1.4pp"
"Solitary Sanctuary","W","U","146221","6.01","14623","9.19","22291","25.7%","48.0%","3779","43.5%","6106","50.8%","9885","48.0%","12306","48.0%","0.1pp"
"Spellbook Vendor","W","R","13795","1.55","9728","1.52","55610","91.0%","57.1%","10122","64.4%","13872","60.7%","23994","62.3%","31761","53.2%","9.0pp"
"Stockpiling Celebrant","W","C","347588","5.26","72881","6.91","319966","71.5%","55.6%","54076","55.3%","77947","56.6%","132023","56.1%","187828","55.2%","0.8pp"
"Stroke of Midnight","W","U","117099","4.40","14387","6.27","48446","57.2%","50.2%","7766","46.3%","12114","50.0%","19880","48.6%","28546","51.3%","-2.7pp"
"A Tale for the Ages","W","R","31417","3.59","5818","4.25","15864","46.1%","50.2%","2553","48.8%","3699","49.8%","6252","49.4%","9599","50.7%","-1.3pp"
"Three Blind Mice","W","R","19623","2.17","9044","2.22","46146","83.6%","55.5%","8002","58.5%","11327","56.2%","19329","57.2%","26873","54.2%","2.9pp"
"Tuinvale Guide","W","C","414765","7.18","45300","10.65","71250","26.0%","52.4%","11437","51.1%","16722","51.7%","28159","51.4%","43173","53.0%","-1.5pp"
"Unassuming Sage","W","C","398327","6.46","48268","9.46","148943","50.8%","53.2%","26095","52.1%","33477","51.9%","59572","52.0%","89353","54.0%","-2.0pp"
"Virtue of Loyalty","W","M","5685","1.29","4714","1.26","26860","89.8%","57.4%","4868","63.9%","6783","62.2%","11651","62.9%","15170","53.1%","9.8pp"
"Werefox Bodyguard","W","R","17024","1.88","8639","1.88","43381","81.6%","55.9%","7405","58.7%","10760","60.0%","18165","59.4%","25257","53.4%","6.1pp"
"Aquatic Alchemist","U","C","402653","6.85","58323","9.50","183230","52.2%","53.5%","31657","53.4%","52529","55.3%","84186","54.6%","97973","52.6%","2.0pp"
"Archive Dragon","U","U","112623","4.15","22181","5.44","96750","72.8%","53.2%","14983","52.9%","28500","58.6%","43483","56.7%","52762","50.2%","6.4pp"
"Asinine Antics","U","M","11896","2.69","3059","2.97","10540","60.2%","49.1%","1714","44.7%","2978","51.3%","4692","48.9%","5822","49.1%","-0.2pp"
"Beluna's Gatekeeper","U","C","361535","5.57","55956","7.84","222865","66.4%","53.1%","38083","51.2%","64864","57.2%","102947","54.9%","118698","51.5%","3.4pp"
"Bitter Chill","U","U","107471","3.84","23140","4.96","113364","81.0%","54.2%","19802","53.1%","33205","59.0%","53007","56.8%","59576","51.9%","4.9pp"
"Chancellor of Tales","U","U","132291","5.18","16450","7.48","39624","41.0%","49.8%","6458","48.8%","10970","52.3%","17428","51.0%","22112","48.9%","2.1pp"
"Diminisher Witch","U","C","417704","7.32","54240","10.38","120028","36.6%","53.6%","19996","52.3%","35292","57.4%","55288","55.6%","64238","51.8%","3.8pp"
"Disdainful Stroke","U","U","168286","6.95","20763","10.14","33946","27.0%","51.7%","5476","50.0%","9943","55.8%","15419","53.7%","18407","50.2%","3.5pp"
"Extraordinary Journey","U","R","28781","3.10","10377","3.30","48214","76.4%","54.9%","7821","55.2%","14483","60.5%","22304","58.6%","25612","51.6%","7.0pp"
"Farsight Ritual","U","R","35005","3.62","7711","4.55","29918","64.8%","52.8%","4875","51.3%","8867","57.0%","13742","54.9%","16250","51.0%","3.9pp"
"Freeze in Place","U","C","420453","7.94","39132","11.96","33408","14.3%","48.1%","5695","43.8%","9454","51.7%","15149","48.7%","18293","47.6%","1.1pp"
"Gadwick's First Duel","U","U","141417","5.44","18869","7.75","50246","44.8%","51.2%","8832","47.7%","14131","54.3%","22963","51.8%","26933","50.7%","1.0pp"
"Galvanic Giant","U","U","150243","5.88","18636","8.60","35344","32.2%","50.0%","5601","48.3%","10177","52.6%","15778","51.1%","19443","49.1%","2.0pp"
"Horned Loch-Whale","U","R","16752","1.87","9689","1.82","51781","85.4%","57.5%","9090","62.3%","15161","64.7%","24251","63.8%","27117","51.7%","12.1pp"
"Ice Out","U","C","402114","6.86","59575","9.44","186572","51.9%","53.9%","30472","52.9%","57235","58.8%","87707","56.8%","98657","51.4%","5.3pp"
"Icewrought Sentry","U","U","128086","4.89","16671","7.01","54836","55.1%","52.3%","9601","52.2%","15419","55.9%","25020","54.5%","29617","50.3%","4.2pp"
"Ingenious Prodigy","U","R","17957","2.03","9551","2.05","50134","87.5%","53.9%","8705","53.6%","14426","58.2%","23131","56.4%","26723","51.8%","4.7pp"
"Into the Fae Court","U","C","389907","6.39","64901","8.65","220571","56.1%","54.5%","35060","53.7%","65456","59.9%","100516","57.7%","120451","52.0%","5.7pp"
"Johann's Stopgap","U","C","399048","6.52","72684","8.74","261169","59.2%","54.3%","42649","53.0%","78623","58.4%","121272","56.5%","139631","52.4%","4.1pp"
"Living Lectern","U","C","431484","8.06","52323","11.42","69832","22.1%","52.1%","12236","51.2%","19629","54.7%","31865","53.4%","37643","51.1%","2.3pp"
"Merfolk Coralsmith","U","C","443031","8.81","50305","12.48","21307","7.0%","51.7%","3713","51.2%","5805","54.1%","9518","53.0%","11724","50.6%","2.4pp"
"Misleading Motes","U","C","434977","8.20","54469","11.54","51027","15.5%","52.4%","8086","49.5%","14493","55.5%","22579","53.4%","28284","51.6%","1.8pp"
"Mocking Sprite","U","C","374860","6.22","44183","9.08","135965","52.0%","52.0%","23382","51.6%","37843","54.2%","61225","53.2%","74130","51.1%","2.1pp"
"Obyra's Attendants","U","C","385126","6.22","51020","9.00","163819","53.8%","52.2%","26852","49.9%","46755","55.8%","73607","53.6%","89525","50.9%","2.7pp"
"Picklock Prankster","U","U","118871","4.31","26277","5.46","124122","77.6%","55.5%","21994","57.4%","35324","59.2%","57318","58.5%","66074","52.9%","5.7pp"
"Quick Study","U","C","394524","6.52","54376","9.27","164946","50.5%","53.2%","28766","52.0%","47947","56.5%","76713","54.8%","88358","51.9%","2.9pp"
"Sleep-Cursed Faerie","U","R","19668","2.19","9140","2.21","46625","82.5%","55.8%","8394","67.1%","13369","57.8%","21763","61.4%","24612","50.9%","10.5pp"
"Sleight of Hand","U","C","423969","7.72","55909","10.85","108065","31.9%","54.6%","19046","54.5%","31138","57.5%","50184","56.3%","57441","53.1%","3.2pp"
"Snaremaster Sprite","U","C","389662","6.60","45196","9.59","120471","44.9%","51.4%","20917","51.5%","32698","53.5%","53615","52.7%","66291","50.2%","2.5pp"
"Spell Stutter","U","C","377101","6.18","61260","8.38","229344","61.6%","55.1%","40080","56.8%","65295","58.4%","105375","57.8%","122908","52.7%","5.1pp"
"Splashy Spellcaster","U","U","136644","5.18","19282","7.28","61116","53.4%","51.4%","10127","50.4%","17573","54.8%","27700","53.2%","33141","49.9%","3.2pp"
"Stormkeld Prowler","U","C","432725","8.23","48410","11.83","47228","16.2%","51.5%","8126","51.2%","13300","54.5%","21426","53.2%","25664","50.1%","3.1pp"
"Succumb to the Cold","U","U","162182","6.68","16758","10.18","21533","21.5%","48.9%","3505","44.7%","6008","52.7%","9513","49.7%","12049","48.2%","1.5pp"
"Talion's Messenger","U","R","17838","2.01","9867","1.98","52412","86.3%","56.4%","9250","62.8%","15170","61.5%","24420","62.0%","27690","51.3%","10.7pp"
"Tenacious Tomeseeker","U","U","141212","5.23","27639","6.88","107415","64.7%","53.8%","17762","51.8%","31984","57.9%","49746","55.7%","57085","52.1%","3.7pp"
"Vantress Transmuter","U","C","375973","6.06","48458","8.80","158767","54.7%","53.0%","27154","50.7%","44920","57.7%","72074","55.0%","85895","51.2%","3.8pp"
"Virtue of Knowledge","U","M","18830","4.03","2602","5.81","1720","11.2%","45.8%","251","","497","","748","42.9%","964","47.9%","-5.0pp"
"Water Wings","U","C","437976","8.64","47398","12.44","23874","8.3%","50.7%","3727","49.3%","6521","54.6%","10248","52.7%","13592","49.2%","3.4pp"
"Ashiok, Wicked Manipulator","B","M","5449","1.22","4617","1.21","25579","90.4%","56.4%","4327","59.2%","6631","62.0%","10958","60.9%","14535","53.1%","7.7pp"
"Ashiok's Reaper","B","U","134750","5.01","17634","7.11","47995","45.4%","51.8%","7661","48.9%","11408","52.0%","19069","50.8%","28808","52.4%","-1.6pp"
"Back for Seconds","B","U","112230","3.94","23532","5.21","104796","73.5%","54.0%","16418","50.0%","25683","55.6%","42101","53.4%","62423","54.3%","-0.9pp"
"Barrow Naughty","B","C","332724","4.86","58872","6.72","274415","75.9%","55.4%","48982","56.4%","68097","57.1%","117079","56.8%","156444","54.3%","2.4pp"
"Beseech the Mirror","B","M","14875","3.22","2627","4.06","3835","24.1%","50.1%","567","45.1%","912","49.9%","1479","48.1%","2341","51.4%","-3.4pp"
"Candy Grapple","B","C","163027","2.48","78545","2.81","451192","92.1%","56.8%","78599","57.7%","113637","60.0%","192236","59.0%","258119","55.1%","3.9pp"
"Conceited Witch","B","C","325122","4.55","56722","6.48","270039","77.6%","55.4%","46074","54.9%","64011","56.8%","110085","56.0%","159270","54.9%","1.2pp"
"Dream Spoilers","B","U","145670","5.56","17410","8.15","36373","34.8%","50.9%","6037","47.6%","9212","52.1%","15249","50.3%","21035","51.3%","-1.0pp"
"Ego Drain","B","U","170017","7.10","18494","10.66","16091","14.4%","50.9%","2610","48.5%","4293","52.2%","6903","50.8%","9152","50.9%","-0.1pp"
"The End","B","R","18179","2.01","8840","2.04","46320","85.5%","55.3%","7475","53.2%","11517","58.1%","18992","56.2%","27268","54.7%","1.5pp"
"Eriette's Whisper","B","C","422742","7.38","48378","10.93","53204","17.9%","53.6%","8335","52.5%","12807","55.5%","21142","54.4%","31901","53.1%","1.2pp"
"Faerie Dreamthief","B","U","108364","3.73","27360","4.73","144734","84.9%","56.8%","26041","59.6%","33881","56.4%","59922","57.8%","84497","56.1%","1.7pp"
"Faerie Fencing","B","U","86002","3.07","24193","3.75","122128","82.5%","55.4%","20182","55.4%","32048","58.4%","52230","57.2%","69801","54.0%","3.2pp"
"Feed the Cauldron","B","C","269727","3.83","58226","5.12","296228","82.9%","55.4%","50685","54.6%","72436","57.2%","123121","56.1%","172424","54.9%","1.2pp"
"Fell Horseman","B","C","381159","5.76","47736","8.67","141219","48.5%","53.9%","22904","50.5%","34253","55.2%","57157","53.3%","83635","54.2%","-0.9pp"
"Gumdrop Poisoner","B","R","14148","1.58","10367","1.55","59003","90.5%","57.8%","10298","60.9%","14789","63.0%","25087","62.1%","33689","54.5%","7.7pp"
"High Fae Negotiator","B","U","74141","2.69","29052","3.09","158076","87.9%","56.3%","24907","55.6%","39528","59.9%","64435","58.3%","93044","54.9%","3.4pp"
"Hopeless Nightmare","B","C","327034","4.76","72267","6.24","333571","74.0%","57.1%","58286","58.9%","80376","58.8%","138662","58.8%","193909","55.8%","3.1pp"
"Lich-Knights' Conquest","B","R","34679","3.73","5996","4.89","16003","45.0%","50.8%","2414","44.7%","3892","51.6%","6306","49.0%","9651","51.8%","-2.8pp"
"Lord Skitter, Sewer King","B","R","12006","1.36","9710","1.34","57263","93.1%","58.2%","10238","66.2%","13906","61.5%","24144","63.5%","32997","54.4%","9.1pp"
"Lord Skitter's Blessing","B","R","17021","1.92","7447","1.95","37130","82.8%","53.7%","6383","53.5%","8990","53.8%","15373","53.7%","21643","53.7%","-0.0pp"
"Lord Skitter's Butcher","B","U","86730","3.04","26249","3.70","140240","85.8%","56.9%","24267","57.7%","32969","58.3%","57236","58.0%","82693","56.1%","1.9pp"
"Mintstrosity","B","C","337765","4.78","73073","6.42","376114","82.8%","56.6%","67145","58.4%","86365","55.9%","153510","57.0%","221822","56.4%","0.6pp"
"Not Dead After All","B","C","408108","6.72","48927","10.02","105531","35.0%","54.8%","16875","53.8%","24254","55.7%","41129","54.9%","64153","54.7%","0.2pp"
"Rankle's Prank","B","R","21336","2.38","7442","2.54","34843","77.0%","54.8%","5751","53.9%","8518","58.1%","14269","56.4%","20475","53.7%","2.7pp"
"Rat Out","B","C","378990","5.79","69136","7.93","272491","63.3%","57.1%","46530","58.5%","61987","57.4%","108517","57.8%","163416","56.5%","1.3pp"
"Rowan's Grim Search","B","C","410981","6.65","53665","9.74","122251","37.2%","53.9%","20332","50.9%","29762","54.2%","50094","52.9%","71935","54.5%","-1.7pp"
"Scream Puff","B","C","366530","5.48","52395","8.08","190961","59.4%","54.7%","30247","53.6%","47556","56.0%","77803","55.1%","112799","54.4%","0.7pp"
"Shatter the Oath","B","C","311214","4.49","51770","6.36","230245","72.2%","55.2%","35631","53.8%","56990","58.2%","92621","56.5%","137021","54.3%","2.2pp"
"Specter of Mortality","B","R","15781","1.78","8685","1.77","44627","84.3%","54.9%","7055","53.1%","11118","58.7%","18173","56.5%","26289","53.7%","2.9pp"
"Spiteful Hexmage","B","R","23229","2.46","9052","2.65","45684","81.6%","56.3%","8198","60.5%","10611","56.8%","18809","58.4%","26782","54.7%","3.7pp"
"Stingblade Assassin","B","C","388952","6.11","43768","9.30","112703","42.0%","54.0%","17994","52.1%","26914","55.2%","44908","54.0%","67509","54.0%","-0.0pp"
"Sugar Rush","B","C","428399","7.71","46341","11.41","36440","12.8%","54.1%","5797","52.3%","8142","55.3%","13939","54.0%","22415","54.2%","-0.2pp"
"Sweettooth Witch","B","C","339768","4.90","69511","6.65","334609","77.3%","56.7%","57364","56.2%","79653","58.0%","137017","57.3%","196768","56.3%","1.0pp"
"Taken by Nightmares","B","U","69779","2.55","25507","2.96","139240","88.8%","55.5%","22379","54.9%","34717","57.9%","57096","56.7%","81860","54.7%","1.9pp"
"Tangled Colony","B","R","17076","1.88","9075","1.89","48661","86.1%","57.2%","8665","63.6%","11279","57.9%","19944","60.4%","28648","55.0%","5.4pp"
"Twisted Sewer-Witch","B","U","85891","3.14","24966","3.72","122160","79.0%","56.6%","19374","56.7%","27642","58.8%","47016","57.9%","74765","55.8%","2.1pp"
"Virtue of Persistence","B","M","5550","1.22","4864","1.21","29328","93.7%","58.9%","5169","65.2%","7571","67.4%","12740","66.5%","16445","52.9%","13.6pp"
"Voracious Vermin","B","C","303737","4.37","53555","6.11","258756","77.8%","56.1%","45128","56.6%","58054","55.7%","103182","56.0%","155080","56.2%","-0.1pp"
"Warehouse Tabby","B","C","396403","6.41","42089","9.76","88270","34.1%","53.7%","15234","54.2%","19571","52.4%","34805","53.2%","53294","54.0%","-0.7pp"
"Wicked Visitor","B","C","407266","6.63","50369","9.76","122515","39.7%","53.6%","21612","53.8%","27151","52.2%","48763","52.9%","73574","54.1%","-1.1pp"
"The Witch's Vanity","B","U","73464","2.62","28803","3.03","159663","88.7%","57.0%","28230","58.9%","38580","59.3%","66810","59.1%","92382","55.5%","3.6pp"
"Belligerent of the Ball","R","U","114597","4.08","28804","5.16","147051","81.8%","56.8%","25218","57.4%","31719","55.1%","56937","56.1%","90129","57.3%","-1.2pp"
"Bellowing Bruiser","R","C","399720","6.44","53164","9.46","134418","40.7%","55.1%","20326","52.9%","29872","55.2%","50198","54.3%","84124","55.5%","-1.2pp"
"Bespoke Battlegarb","R","C","438769","8.47","54453","11.92","45298","13.4%","55.0%","7276","53.2%","9432","51.9%","16708","52.5%","28133","56.4%","-3.9pp"
"Boundary Lands Ranger","R","U","145192","5.24","26256","7.21","101827","62.7%","55.8%","17953","56.4%","22404","54.0%","40357","55.1%","61416","56.2%","-1.1pp"
"Charming Scoundrel","R","R","20671","2.21","9014","2.38","49261","88.6%","56.3%","8973","57.1%","11153","56.4%","20126","56.7%","29072","56.0%","0.6pp"
"Cut In","R","C","248935","3.67","81166","4.43","453518","89.2%","57.2%","74595","57.7%","106334","58.7%","180929","58.3%","272284","56.5%","1.8pp"
"Edgewall Pack","R","C","335389","4.95","71283","6.60","354207","79.2%","57.2%","57952","57.4%","77590","56.8%","135542","57.1%","218404","57.2%","-0.1pp"
"Embereth Veteran","R","U","117115","4.14","31259","5.15","167434","85.3%","57.4%","29796","60.3%","35577","54.4%","65373","57.1%","101967","57.6%","-0.5pp"
"Flick a Coin","R","C","374308","5.82","82904","7.58","349403","67.3%","57.3%","59492","58.3%","82794","59.0%","142286","58.7%","206610","56.3%","2.4pp"
"Food Fight","R","R","56362","5.93","7973","8.78","2867","5.8%","50.6%","455","","734","51.1%","1189","47.7%","1674","52.6%","-4.9pp"
"Frantic Firebolt","R","C","315419","4.66","58228","6.37","254808","71.7%","54.4%","42520","51.7%","66005","56.3%","108525","54.5%","146469","54.3%","0.2pp"
"Gnawing Crescendo","R","C","409239","7.13","55432","10.17","132503","38.4%","56.8%","19991","55.3%","27733","57.7%","47724","56.7%","84651","56.9%","-0.2pp"
"Goddric, Cloaked Reveler","R","R","15635","1.79","9881","1.77","55708","89.9%","57.1%","9806","59.3%","12727","59.1%","22533","59.2%","33184","55.7%","3.5pp"
"Grabby Giant","R","C","344449","4.99","64166","6.97","301528","75.5%","56.2%","53063","55.9%","70826","56.8%","123889","56.4%","177213","56.1%","0.3pp"
"Grand Ball Guest","R","C","369103","5.69","76787","7.52","376860","78.1%","57.3%","67469","58.0%","79060","54.1%","146529","55.9%","230176","58.1%","-2.1pp"
"Harried Spearguard","R","C","376952","5.95","65824","8.13","280888","68.0%","57.4%","49569","59.5%","57614","54.3%","107183","56.7%","173586","57.7%","-1.0pp"
"Hearth Elemental","R","U","106417","3.76","31297","4.58","161965","83.1%","56.6%","26504","54.3%","39986","59.7%","66490","57.6%","94970","55.8%","1.8pp"
"Imodane, the Pyrohammer","R","R","24437","2.71","7861","2.97","35126","73.6%","54.7%","5804","54.3%","8431","55.0%","14235","54.7%","20844","54.6%","0.1pp"
"Kindled Heroism","R","C","441375","8.64","48738","12.40","16319","5.4%","52.3%","2487","51.8%","3461","50.6%","5948","51.1%","10360","53.0%","-1.9pp"
"Korvold and the Noble Thief","R","U","162376","6.49","16731","10.12","17821","17.5%","50.6%","2934","49.0%","4446","50.0%","7380","49.6%","10425","51.3%","-1.7pp"
"Merry Bards","R","C","406268","6.64","60014","9.47","170515","45.6%","55.9%","28215","54.4%","37079","54.4%","65294","54.4%","105158","56.8%","-2.4pp"
"Minecart Daredevil","R","C","376988","5.80","63979","8.15","266811","66.6%","56.9%","44869","56.1%","58599","56.8%","103468","56.5%","163166","57.2%","-0.7pp"
"Monstrous Rage","R","U","113904","4.05","30866","5.02","160687","82.7%","57.5%","25899","57.4%","35397","58.8%","61296","58.2%","99271","57.1%","1.1pp"
"Raging Battle Mouse","R","R","22423","2.43","8615","2.64","45731","86.1%","56.2%","8217","57.5%","10022","55.1%","18239","56.2%","27455","56.2%","0.0pp"
"Ratcatcher Trainee","R","C","280531","4.05","73286","5.18","413808","89.9%","57.3%","73872","57.3%","89338","56.6%","163210","56.9%","250085","57.6%","-0.7pp"
"Realm-Scorcher Hellkite","R","M","6003","1.34","4974","1.31","29015","91.9%","58.2%","4824","61.2%","7398","64.5%","12222","63.2%","16686","54.3%","8.9pp"
"Redcap Gutter-Dweller","R","R","14411","1.63","10550","1.60","62191","91.9%","59.3%","10750","64.8%","14581","63.8%","25331","64.2%","36715","55.8%","8.4pp"
"Redcap Thief","R","C","374341","5.73","67373","7.88","290197","69.0%","56.8%","50172","57.6%","66028","56.4%","116200","56.9%","173629","56.7%","0.3pp"
"Rotisserie Elemental","R","R","34448","3.55","8421","4.39","37950","73.0%","56.2%","6809","59.2%","8211","53.4%","15020","56.0%","22912","56.3%","-0.3pp"
"Skewer Slinger","R","C","419424","7.32","53020","10.66","93147","28.5%","54.2%","16447","52.9%","21940","53.5%","38387","53.2%","54568","54.9%","-1.7pp"
"Song of Totentanz","R","R","15219","1.73","10523","1.71","60196","92.0%","56.7%","9941","56.3%","14256","61.0%","24197","59.0%","35928","55.2%","3.9pp"
"Stonesplitter Bolt","R","U","92681","3.29","24920","4.09","129480","84.9%","55.1%","21196","53.5%","31728","56.8%","52924","55.5%","76618","54.7%","0.8pp"
"Tattered Ratter","R","U","138069","5.18","24136","7.09","96761","64.3%","56.4%","17217","57.0%","19667","53.9%","36884","55.4%","59780","57.0%","-1.7pp"
"Torch the Tower","R","C","200577","3.04","88886","3.43","516238","92.1%","57.8%","89937","59.3%","122968","59.5%","212905","59.4%","302711","56.6%","2.8pp"
"Twisted Fealty","R","U","141784","5.24","30305","6.63","120212","63.0%","58.1%","18812","57.1%","26564","61.4%","45376","59.6%","74730","57.2%","2.4pp"
"Two-Headed Hunter","R","U","100477","3.56","26671","4.46","139152","83.8%","56.6%","22129","55.6%","31952","57.8%","54081","56.9%","84859","56.3%","0.6pp"
"Unruly Catapult","R","C","401999","6.96","55259","9.78","126867","37.6%","52.9%","21476","51.7%","35546","55.2%","57022","53.9%","68925","52.1%","1.8pp"
"Virtue of Courage","R","M","12063","2.65","3599","2.93","14050","65.4%","54.2%","2424","52.9%","3324","55.8%","5748","54.6%","8246","54.0%","0.6pp"
"Witch's Mark","R","C","400914","6.48","68650","8.98","247708","57.9%","56.8%","42369","56.9%","54936","56.9%","97305","56.9%","150166","56.6%","0.3pp"
"Witchstalker Frenzy","R","U","70881","2.67","34655","2.94","201424","92.7%","57.3%","33517","57.4%","48389","60.1%","81906","59.0%","119594","56.2%","2.8pp"
"Agatha's Champion","G","U","71254","2.61","30888","2.97","172802","90.7%","55.8%","28151","55.1%","44094","58.9%","72245","57.4%","100026","54.5%","2.9pp"
"Beanstalk Wurm","G","C","362740","5.55","43390","8.41","152342","58.1%","53.1%","25922","52.1%","38594","54.0%","64516","53.2%","87723","53.0%","0.2pp"
"Bestial Bloodline","G","C","428063","7.95","43433","11.82","39159","14.8%","51.6%","6258","50.6%","9159","52.3%","15417","51.6%","23653","51.5%","0.1pp"
"Blossoming Tortoise","G","M","12671","2.69","3412","3.10","11893","57.7%","54.7%","1982","57.0%","2945","55.3%","4927","56.0%","6949","53.8%","2.1pp"
"Bramble Familiar","G","R","20094","2.18","8002","2.31","41128","85.1%","54.7%","7471","56.6%","9856","54.6%","17327","55.5%","23755","54.1%","1.4pp"
"Brave the Wilds","G","C","391918","6.28","78740","8.31","328083","67.8%","55.4%","58046","54.3%","79692","56.2%","137738","55.4%","190061","55.3%","0.1pp"
"Commune with Nature","G","C","440820","8.76","46694","12.62","11284","4.0%","53.1%","1975","52.2%","2620","53.2%","4595","52.8%","6680","53.3%","-0.5pp"
"Curse of the Werefox","G","C","308409","4.43","61716","6.05","314350","83.3%","54.8%","51598","53.2%","77483","56.5%","129081","55.2%","184927","54.6%","0.6pp"
"Elvish Archivist","G","R","17606","1.99","9300","1.99","49937","87.9%","55.0%","8959","59.7%","12173","55.0%","21132","57.0%","28823","53.5%","3.5pp"
"Feral Encounter","G","R","24655","2.64","9648","2.82","49185","82.8%","56.0%","7891","55.2%","12210","60.0%","20101","58.1%","29057","54.5%","3.6pp"
"Ferocious Werefox","G","C","325261","4.64","58290","6.53","299936","83.8%","55.3%","50079","54.4%","72753","56.9%","122832","55.9%","176793","54.8%","1.0pp"
"Graceful Takedown","G","U","108248","3.80","27295","4.87","141406","84.7%","55.0%","22902","53.6%","34817","56.8%","57719","55.5%","83570","54.6%","0.9pp"
"Gruff Triplets","G","R","12760","1.45","9979","1.41","58333","91.1%","59.4%","9883","68.5%","15114","69.3%","24997","69.0%","32581","51.7%","17.3pp"
"Hamlet Glutton","G","C","257221","3.76","73550","4.68","402733","88.8%","55.6%","65097","54.6%","103111","58.6%","168208","57.1%","233243","54.5%","2.6pp"
"Hollow Scavenger","G","C","324749","4.68","69340","6.28","360366","84.2%","55.9%","63577","57.0%","87355","56.3%","150932","56.6%","209134","55.5%","1.1pp"
"Howling Galefang","G","U","108245","3.79","22739","5.06","113710","81.9%","54.8%","18554","55.5%","28040","55.9%","46594","55.7%","67162","54.2%","1.5pp"
"The Huntsman's Redemption","G","R","16506","1.86","10009","1.85","54180","88.3%","56.1%","9616","58.4%","13592","61.6%","23208","60.3%","31094","53.1%","7.2pp"
"Leaping Ambush","G","C","437588","8.32","55587","11.74","58734","17.2%","55.1%","9202","54.3%","13785","55.4%","22987","55.0%","35697","55.1%","-0.2pp"
"Night of the Sweets' Revenge","G","U","150392","5.86","19957","8.54","38415","31.9%","52.4%","6142","50.1%","9391","52.0%","15533","51.2%","22818","53.1%","-1.9pp"
"Redtooth Genealogist","G","C","366648","5.48","58435","7.86","257220","71.7%","55.1%","43807","55.3%","61563","55.8%","105370","55.6%","151638","54.7%","0.9pp"
"Redtooth Vanguard","G","U","115044","4.00","26418","5.20","133398","82.7%","54.9%","23635","55.3%","31653","53.7%","55288","54.4%","78006","55.3%","-0.9pp"
"Return from the Wilds","G","C","375900","5.80","57251","8.26","206760","59.4%","53.8%","36505","54.3%","50861","53.4%","87366","53.8%","119228","53.7%","0.1pp"
"Rootrider Faun","G","C","298610","4.31","65710","5.69","351425","87.4%","55.2%","63517","57.8%","83855","53.7%","147372","55.5%","203687","55.0%","0.5pp"
"Royal Treatment","G","U","119034","4.12","29925","5.19","151915","81.9%","56.2%","24371","57.7%","37238","58.9%","61609","58.4%","90131","54.6%","3.8pp"
"Sentinel of Lost Lore","G","R","20834","2.30","8091","2.46","40802","83.6%","54.6%","6910","55.6%","10080","56.2%","16990","56.0%","23784","53.6%","2.4pp"
"Skybeast Tracker","G","C","427621","7.66","47327","11.29","48419","16.8%","52.0%","7810","50.2%","12350","52.3%","20160","51.5%","28188","52.3%","-0.8pp"
"Spider Food","G","C","434666","8.24","43803","12.23","17340","6.5%","51.1%","2757","48.6%","4196","52.8%","6953","51.1%","10369","51.1%","0.0pp"
"Stormkeld Vanguard","G","U","86138","3.11","24179","3.80","129629","87.4%","55.4%","21448","55.9%","32890","58.2%","54338","57.3%","74993","54.0%","3.3pp"
"Tanglespan Lookout","G","U","106231","3.84","25002","4.86","116480","75.8%","55.0%","20402","56.7%","28176","55.5%","48578","56.0%","67971","54.3%","1.7pp"
"Territorial Witchstalker","G","C","415746","7.07","54284","10.20","126696","38.3%","53.6%","22263","53.1%","29758","52.3%","52021","52.7%","74502","54.3%","-1.6pp"
"Thunderous Debut","G","R","47955","4.95","5789","7.59","4880","13.9%","51.8%","712","50.7%","1258","54.1%","1970","52.9%","2902","51.1%","1.8pp"
"Titanic Growth","G","C","430087","7.88","52501","11.32","73305","22.8%","54.7%","11306","54.7%","16971","56.9%","28277","56.0%","44984","53.8%","2.2pp"
"Toadstool Admirer","G","C","428672","8.06","40989","12.10","27525","11.0%","51.1%","4725","52.4%","6125","49.5%","10850","50.8%","16657","51.3%","-0.5pp"
"Tough Cookie","G","U","73431","2.69","32311","3.02","181666","89.7%","57.3%","32717","60.7%","45012","60.5%","77729","60.6%","103910","54.9%","5.7pp"
"Troublemaker Ouphe","G","C","393415","6.06","59963","8.65","231362","63.3%","54.3%","39892","53.6%","55776","54.1%","95668","53.9%","135446","54.5%","-0.6pp"
"Up the Beanstalk","G","U","121004","4.48","28388","5.58","111749","64.4%","55.4%","20046","57.8%","28628","57.0%","48674","57.3%","62903","54.0%","3.4pp"
"Verdant Outrider","G","C","419863","7.34","47658","10.87","77324","26.4%","53.3%","13100","52.7%","17978","52.8%","31078","52.8%","46208","53.7%","-0.9pp"
"Virtue of Strength","G","M","18420","3.80","2578","5.55","2996","19.2%","50.4%","450","","745","53.3%","1195","50.0%","1796","50.6%","-0.6pp"
"Welcome to Sweettooth","G","U","82406","2.99","34038","3.34","188658","88.1%","57.4%","33945","62.1%","46402","58.7%","80347","60.1%","108490","55.3%","4.8pp"
"Agatha of the Vile Cauldron","RG","M","18159","3.91","3021","5.30","4390","24.0%","51.2%","730","49.5%","1062","48.1%","1792","48.7%","2594","52.9%","-4.2pp"
"The Apprentice's Folly","UR","R","47922","5.05","8577","6.79","14573","28.2%","51.3%","2232","48.7%","4234","54.4%","6466","52.4%","8032","50.4%","2.0pp"
"Ash, Party Crasher","WR","U","118779","4.69","28151","5.48","117641","66.7%","57.9%","20706","61.3%","25171","55.8%","45877","58.3%","71944","57.6%","0.7pp"
"Eriette of the Charmed Apple","WB","M","9345","2.17","3525","2.15","13835","65.6%","52.9%","2299","54.6%","3433","54.9%","5732","54.8%","8099","51.4%","3.4pp"
"Faunsbane Troll","BG","R","16307","1.88","11140","1.83","61849","88.0%","57.5%","10437","63.0%","15804","63.3%","26241","63.2%","35354","53.2%","10.0pp"
"The Goose Mother","UG","R","14690","1.73","10357","1.69","56580","88.6%","56.0%","9489","59.3%","15758","64.1%","25247","62.3%","31059","50.8%","11.5pp"
"Greta, Sweettooth Scourge","BG","U","93674","3.50","28045","4.15","138076","79.4%","56.2%","23730","57.0%","34503","58.1%","58233","57.7%","79571","55.0%","2.7pp"
"Hylda of the Icy Crown","WU","M","9525","2.29","3468","2.19","11391","56.4%","49.7%","1942","51.2%","3521","53.9%","5463","52.9%","5886","46.6%","6.3pp"
"Johann, Apprentice Sorcerer","UR","U","144399","5.65","28928","7.24","91740","52.4%","54.2%","15331","53.5%","27146","57.6%","42477","56.1%","48587","52.4%","3.7pp"
"Likeness Looter","UB","R","32307","3.64","7016","4.48","21650","52.1%","52.1%","3628","52.0%","6059","53.4%","9687","52.9%","11849","51.4%","1.5pp"
"Neva, Stalked by Nightmares","WB","U","118667","4.32","22803","5.81","87151","63.5%","53.2%","13911","50.6%","22392","55.4%","36303","53.6%","50685","52.9%","0.7pp"
"Obyra, Dreaming Duelist","UB","U","126028","4.99","20476","6.65","70383","56.8%","54.6%","12117","57.0%","19738","57.3%","31855","57.2%","38180","52.5%","4.7pp"
"Rowan, Scion of War","BR","M","15502","3.37","3240","4.24","9053","45.3%","55.2%","1517","54.5%","1964","55.3%","3481","55.0%","5573","55.4%","-0.4pp"
"Ruby, Daring Tracker","RG","U","134055","5.18","25152","6.77","90187","57.9%","56.1%","15750","59.3%","20648","55.7%","36398","57.3%","53742","55.2%","2.0pp"
"Sharae of Numbing Depths","WU","U","124863","4.82","21785","6.39","67018","51.2%","53.2%","11178","54.1%","19948","59.0%","31126","57.2%","35699","49.6%","7.6pp"
"Syr Armont, the Redeemer","WG","U","111687","4.10","22741","5.42","94103","68.5%","53.5%","15105","53.8%","23705","57.5%","38810","56.0%","55241","51.7%","4.3pp"
"Talion, the Kindly Lord","UB","M","7600","1.77","4580","1.71","23414","83.1%","55.8%","3903","59.1%","6816","61.2%","10719","60.5%","12576","51.8%","8.7pp"
"Totentanz, Swarm Piper","BR","U","110968","4.13","24160","5.26","106455","70.1%","57.2%","18114","58.5%","22970","57.3%","41084","57.8%","65246","56.8%","1.1pp"
"Troyan, Gutsy Explorer","UG","U","142169","5.57","21933","7.59","57299","43.8%","51.6%","9843","51.5%","16065","52.9%","25908","52.3%","31244","51.0%","1.3pp"
"Will, Scion of Peace","WU","M","19274","4.17","2785","6.00","2310","13.9%","47.1%","411","","633","49.0%","1044","48.9%","1258","45.8%","3.2pp"
"Yenna, Redtooth Regent","WG","R","24150","2.75","8473","2.89","35877","71.3%","53.1%","6022","54.7%","9308","56.2%","15330","55.7%","20640","51.2%","4.5pp"
"Beluna Grandsquall","URG","M","16996","3.73","3649","4.58","8402","38.7%","52.0%","1384","52.4%","2307","55.7%","3691","54.4%","4691","49.9%","4.5pp"
"Callous Sell-Sword","B","U","119283","4.21","26892","5.52","121989","73.0%","56.6%","21036","56.0%","26685","57.5%","47721","56.9%","74037","56.4%","0.4pp"
"Cruel Somnophage","B","R","23779","2.65","7038","2.97","31817","75.9%","52.6%","5397","49.1%","8312","56.1%","13709","53.3%","18010","52.0%","1.3pp"
"Decadent Dragon","R","R","13039","1.47","9768","1.46","55127","91.1%","56.6%","9478","57.7%","13468","59.0%","22946","58.5%","32084","55.2%","3.3pp"
"Devouring Sugarmaw","B","R","16919","1.95","9011","1.95","46526","84.3%","55.0%","7947","56.8%","11503","57.2%","19450","57.1%","26993","53.5%","3.6pp"
"Elusive Otter","U","R","25356","2.82","8379","3.05","36617","72.9%","53.4%","6111","52.0%","9822","57.0%","15933","55.1%","20548","51.9%","3.2pp"
"Frolicking Familiar","U","U","120893","4.52","29897","5.52","125019","68.0%","55.6%","21997","56.6%","35099","59.1%","57096","58.1%","67062","53.3%","4.8pp"
"Gingerbread Hunter","G","U","68883","2.60","33869","2.82","190520","90.1%","57.1%","32677","59.6%","48581","61.6%","81258","60.8%","108572","54.3%","6.5pp"
"Heartflame Duelist","W","R","18741","2.17","10271","2.16","55750","86.8%","57.3%","9857","59.5%","13336","60.4%","23193","60.0%","32490","55.4%","4.6pp"
"Imodane's Recruiter","R","U","66387","2.69","38140","2.70","225582","92.4%","58.7%","38431","60.9%","53310","64.2%","91741","62.8%","133318","55.9%","6.9pp"
"Kellan, the Fae-Blooded","R","M","8466","1.96","4605","1.94","24026","84.4%","56.5%","4217","58.7%","5450","57.3%","9667","57.9%","14362","55.5%","2.4pp"
"Mosswood Dreadknight","G","R","14975","1.71","10020","1.67","55218","89.0%","56.8%","10150","62.1%","13601","59.4%","23751","60.6%","31356","53.9%","6.6pp"
"Picnic Ruiner","R","U","108976","3.89","32030","4.78","163908","81.6%","57.2%","28672","58.7%","37238","58.0%","65910","58.3%","97821","56.5%","1.7pp"
"Pollen-Shield Hare","W","R","29674","3.24","7089","3.82","27719","64.5%","54.7%","4843","53.3%","6266","54.9%","11109","54.2%","16647","55.0%","-0.8pp"
"Questing Druid","G","R","19176","2.20","8565","2.23","43092","82.7%","54.5%","7803","55.2%","10337","56.9%","18140","56.1%","24921","53.3%","2.8pp"
"Scalding Viper","R","R","24337","2.71","9728","2.88","50079","83.4%","56.2%","8885","56.7%","12443","58.9%","21328","58.0%","28544","54.9%","3.1pp"
"Shrouded Shepherd","W","U","99047","3.54","28811","4.29","139577","78.7%","56.0%","24599","56.4%","32904","57.9%","57503","57.2%","81872","55.0%","2.2pp"
"Spellscorn Coven","B","U","109371","3.90","27397","4.98","128340","76.4%","55.9%","21444","56.3%","34133","58.9%","55577","57.9%","72217","54.2%","3.7pp"
"Tempest Hart","G","U","151192","5.65","20957","8.18","52951","42.0%","52.5%","8929","51.8%","14053","54.7%","22982","53.6%","29874","51.7%","1.9pp"
"Threadbind Clique","U","U","98994","3.61","27231","4.38","130776","79.1%","54.6%","21996","54.9%","38504","59.6%","60500","57.9%","69658","51.7%","6.2pp"
"Twining Twins","U","R","17226","2.02","9221","1.98","47622","84.4%","55.9%","8040","59.3%","14428","61.9%","22468","61.0%","24900","51.3%","9.7pp"
"Woodland Acolyte","W","U","105011","3.74","28137","4.71","136021","78.5%","55.9%","23790","56.5%","34332","58.2%","58122","57.5%","78148","54.8%","2.7pp"
"Agatha's Soul Cauldron","","M","7135","1.61","3752","1.61","19025","84.7%","54.1%","3304","56.1%","4631","57.2%","7935","56.7%","11039","52.2%","4.5pp"
"Candy Trail","","C","412563","6.48","55936","9.49","123535","36.3%","54.4%","23250","53.6%","30938","56.4%","54188","55.2%","69187","53.8%","1.4pp"
"Collector's Vault","","U","155229","5.57","23471","7.98","69733","49.2%","52.7%","12804","51.4%","17839","53.8%","30643","52.8%","38919","52.5%","0.3pp"
"Eriette's Tempting Apple","","U","151008","5.40","25345","7.47","80523","51.2%","56.9%","12353","54.7%","18278","60.3%","30631","58.1%","49768","56.2%","1.9pp"
"Gingerbrute","","C","376842","5.46","64537","7.73","279339","69.8%","56.1%","51317","56.6%","59863","54.3%","111180","55.4%","168080","56.6%","-1.3pp"
"Hylda's Crown of Winter","","R","13384","1.49","9359","1.46","53573","94.7%","54.3%","9215","51.6%","13787","57.2%","23002","55.0%","30407","53.7%","1.3pp"
"The Irencrag","","R","36141","3.75","6734","4.76","17328","43.5%","50.8%","3189","50.1%","4120","48.9%","7309","49.4%","9991","51.8%","-2.3pp"
"Prophetic Prism","","C","373323","5.43","75637","7.46","291878","63.2%","54.4%","54204","55.2%","74527","56.1%","128731","55.7%","162488","53.4%","2.3pp"
"Scarecrow Guide","","C","425190","7.06","60694","10.10","131188","35.3%","53.2%","24135","52.2%","30907","52.7%","55042","52.5%","75963","53.7%","-1.2pp"
"Soul-Guide Lantern","","U","186285","8.20","19852","11.99","1401","1.2%","48.8%","215","","332","","547","46.6%","851","50.4%","-3.8pp"
"Syr Ginger, the Meal Ender","","R","20221","2.21","7480","2.42","40250","88.5%","54.7%","7350","55.5%","9624","54.3%","16974","54.8%","23262","54.6%","0.2pp"
"Three Bowls of Porridge","","U","161925","5.80","19012","8.86","36376","31.5%","53.0%","6416","50.3%","9198","55.3%","15614","53.2%","20686","52.8%","0.4pp"
"Crystal Grotto","","C","387163","5.64","68195","8.02","329606","78.8%","55.0%","59632","54.7%","79638","56.2%","139270","55.6%","189660","54.6%","1.0pp"
"Edgewall Inn","","U","105422","3.40","34787","4.35","204989","96.1%","55.9%","38125","57.5%","49938","56.0%","88063","56.6%","116518","55.4%","1.2pp"
"Evolving Wilds","","C","353874","4.81","71365","6.80","388265","88.5%","55.4%","71967","57.1%","93563","54.1%","165530","55.4%","222474","55.4%","0.0pp"
"Restless Bivouac","","R","29615","3.04","9338","3.52","42155","73.1%","56.6%","7978","59.9%","9363","55.5%","17341","57.5%","24782","56.0%","1.5pp"
"Restless Cottage","","R","21930","2.36","9900","2.50","48504","79.3%","56.6%","8945","60.3%","11988","58.3%","20933","59.2%","27505","54.7%","4.4pp"
"Restless Fortress","","R","27522","2.79","8473","3.26","36586","70.8%","54.9%","6676","57.4%","8683","56.4%","15359","56.8%","21139","53.5%","3.3pp"
"Restless Spire","","R","36904","3.67","8800","4.64","30605","57.4%","53.6%","5605","54.7%","8302","55.8%","13907","55.3%","16573","52.2%","3.1pp"
"Restless Vinestalk","","R","28487","2.96","9449","3.32","39725","68.8%","55.2%","7235","59.6%","10891","58.2%","18126","58.8%","21514","52.2%","6.6pp"
"Blind Obedience","W","R","16359","3.65","2807","4.76","9949","60.1%","51.3%","1755","48.9%","2334","51.1%","4089","50.2%","5847","52.0%","-1.8pp"
"Dawn of Hope","W","R","18391","4.10","2779","5.62","8166","48.9%","50.8%","1351","45.8%","2079","51.7%","3430","49.4%","4728","51.9%","-2.5pp"
"Grasp of Fate","W","U","106492","3.46","21190","4.49","103717","81.0%","53.8%","16968","52.8%","25350","55.3%","42318","54.3%","61232","53.4%","0.9pp"
"Greater Auramancy","W","M","9965","4.64","1054","7.18","740","12.0%","41.6%","112","","181","","293","","447","",""
"Griffin Aerie","W","U","184255","6.97","23921","10.08","26205","18.0%","53.3%","4366","53.0%","6616","54.1%","10982","53.7%","15182","53.0%","0.7pp"
"Intangible Virtue","W","U","183157","7.05","18852","10.73","7785","6.8%","47.7%","1289","41.9%","1741","45.2%","3030","43.8%","4749","50.2%","-6.4pp"
"Karmic Justice","W","R","25634","5.86","2566","9.48","310","2.0%","","48","","77","","125","","184","",""
"Knightly Valor","W","U","153032","5.08","19723","7.45","61980","52.7%","51.8%","9412","50.5%","14968","52.2%","24380","51.5%","37330","51.8%","-0.3pp"
"Land Tax","W","M","7546","3.37","1321","4.35","4334","54.5%","53.5%","800","60.5%","1005","51.2%","1805","55.3%","2521","52.2%","3.1pp"
"Leyline of Sanctity","W","R","27956","6.19","3054","9.83","141","0.8%","","0","","23","","23","","118","",""
"Phyrexian Unlife","W","R","26057","5.80","2616","9.35","572","3.6%","46.7%","92","","135","","227","","345","",""
"Rest in Peace","W","R","29832","6.66","3601","10.13","30","0.1%","","4","","9","","13","","17","",""
"Smothering Tithe","W","M","9708","4.43","984","7.14","760","13.1%","45.0%","129","","176","","305","","453","",""
"As Foretold","U","R","24634","5.68","2631","9.00","1298","8.2%","46.7%","221","","371","","592","42.7%","702","50.0%","-7.3pp"
"Compulsion","U","U","200679","8.15","21287","12.04","1801","1.4%","43.3%","306","","462","","768","41.7%","1029","44.4%","-2.7pp"
"Copy Enchantment","U","R","26809","5.86","2892","9.26","1236","7.0%","44.6%","181","","347","","528","44.7%","700","44.3%","0.4pp"
"Curiosity","U","U","151000","5.29","19826","7.58","55397","47.0%","51.6%","9014","51.8%","15295","54.1%","24309","53.3%","30734","50.2%","3.1pp"
"Forced Fruition","U","R","26026","5.82","3614","8.43","4379","20.4%","47.2%","712","40.4%","1320","47.7%","2032","45.2%","2318","49.0%","-3.8pp"
"Fraying Sanity","U","R","27662","6.27","3150","9.83","463","2.4%","","82","","131","","213","","249","",""
"Hatching Plans","U","U","136028","4.65","38731","5.38","155483","65.9%","54.9%","27191","59.3%","44774","58.7%","71965","58.9%","82757","51.5%","7.5pp"
"Intruder Alarm","U","R","28934","6.56","3316","10.11","134","0.7%","","24","","43","","67","","66","",""
"Kindred Discovery","U","M","10991","4.90","1312","7.45","1118","14.0%","49.5%","174","","290","","464","","649","49.3%",""
"Leyline of Anticipation","U","R","26297","5.89","2908","9.43","1028","5.8%","43.7%","0","","281","","281","","743","46.4%",""
"Omniscience","U","M","12844","5.54","1415","8.73","42","0.5%","","14","","9","","23","","19","",""
"Rhystic Study","U","M","8009","3.73","984","5.14","1845","32.8%","46.3%","327","","507","45.6%","834","45.7%","999","47.1%","-1.5pp"
"Spreading Seas","U","U","191335","7.08","25092","10.20","32813","21.5%","53.2%","5862","53.1%","9505","55.4%","15367","54.5%","17264","51.9%","2.6pp"
"Bitterblossom","B","M","2897","1.34","2322","1.34","13631","94.6%","56.9%","2563","67.2%","3283","56.6%","5846","61.3%","7722","53.6%","7.7pp"
"Dark Tutelage","B","U","193631","7.37","22504","10.94","12269","8.9%","51.7%","2085","48.0%","2873","49.4%","4958","48.8%","7275","53.6%","-4.9pp"
"Grave Pact","B","M","6116","2.93","1390","3.37","5481","65.9%","51.4%","883","46.4%","1296","49.4%","2179","48.2%","3273","53.3%","-5.1pp"
"Leyline of the Void","B","R","28371","6.14","3186","9.70","99","0.5%","","1","","15","","16","","83","",""
"Necropotence","B","M","10242","4.47","1618","6.35","2476","25.1%","53.0%","390","","638","51.3%","1028","51.0%","1438","54.4%","-3.4pp"
"Oppression","B","R","25511","5.84","2646","9.37","578","3.5%","39.1%","97","","150","","247","","327","",""
"Oversold Cemetery","B","R","17452","3.82","2902","4.96","8492","49.6%","50.3%","1364","44.9%","2088","49.1%","3452","47.5%","5009","52.2%","-4.8pp"
"Polluted Bonds","B","R","24547","5.51","2377","9.14","560","3.9%","43.2%","84","","126","","210","","349","",""
"Sanguine Bond","B","R","25760","5.72","2814","9.08","1254","7.4%","47.8%","209","","297","","506","43.1%","745","50.9%","-7.8pp"
"Stab Wound","B","U","102347","3.25","23411","4.14","117320","83.1%","53.8%","20063","51.6%","28938","55.9%","49001","54.2%","67862","53.5%","0.7pp"
"Vampiric Rites","B","U","179253","6.43","21875","9.49","34029","25.4%","53.6%","5751","50.7%","7335","52.4%","13086","51.7%","20864","54.9%","-3.2pp"
"Waste Not","B","R","25817","5.57","2669","8.96","550","3.4%","40.9%","95","","132","","227","","323","",""
"Aggravated Assault","R","R","25882","5.76","2752","9.26","807","4.8%","48.0%","112","","159","","271","","535","49.9%",""
"Blood Moon","R","M","13769","5.89","1676","9.06","26","0.3%","","3","","4","","7","","19","",""
"Dragon Mantle","R","U","177466","6.10","26591","8.77","73175","44.4%","56.1%","11414","54.2%","15954","55.1%","27368","54.7%","45205","56.9%","-2.1pp"
"Fiery Emancipation","R","R","22384","4.89","2806","7.46","4817","28.0%","53.0%","774","51.2%","1120","53.7%","1894","52.6%","2915","53.2%","-0.6pp"
"Goblin Bombardment","R","R","17472","3.87","6447","4.02","31906","76.9%","59.2%","5414","62.4%","6983","61.5%","12397","61.9%","19459","57.5%","4.4pp"
"Impact Tremors","R","U","163969","6.10","16847","9.46","27229","26.5%","51.7%","4831","47.4%","5420","47.5%","10251","47.4%","16940","54.3%","-6.9pp"
"Leyline of Lightning","R","R","26751","5.94","2931","9.51","679","3.8%","45.9%","2","","138","","140","","539","48.6%",""
"Mana Flare","R","R","29648","6.55","3476","10.14","157","0.7%","","23","","36","","59","","98","",""
"Raid Bombardment","R","U","172078","6.42","19618","9.68","27880","23.3%","52.4%","4439","46.7%","5767","50.9%","10206","49.1%","17642","54.2%","-5.1pp"
"Repercussion","R","M","11655","5.28","1334","8.16","812","10.0%","48.8%","126","","194","","320","","491","",""
"Shared Animosity","R","R","23934","5.36","2928","8.12","3926","21.8%","53.2%","629","46.3%","799","51.2%","1428","49.0%","2493","55.7%","-6.7pp"
"Sneak Attack","R","M","12478","5.43","1441","8.59","153","1.7%","","18","","37","","55","","98","",""
"Defense of the Heart","G","M","6160","2.83","1593","3.21","6859","71.7%","54.2%","1110","53.8%","1771","57.9%","2881","56.3%","3977","52.7%","3.7pp"
"Doubling Season","G","M","9001","4.12","1127","6.00","1286","18.7%","46.6%","199","","323","","522","43.5%","763","48.9%","-5.4pp"
"Garruk's Uprising","G","U","166316","5.81","19019","8.80","35528","30.9%","52.1%","5848","48.1%","8525","51.2%","14373","49.9%","21130","53.6%","-3.7pp"
"Ground Seal","G","U","202963","8.16","22859","11.96","2290","1.6%","50.0%","390","","570","50.2%","960","48.9%","1328","50.7%","-1.8pp"
"Hardened Scales","G","R","25337","5.61","2680","8.98","652","4.0%","38.5%","115","","145","","260","","391","",""
"Leyline of Abundance","G","R","26531","5.78","2859","9.26","583","3.3%","45.1%","1","","130","","131","","452","",""
"Nature's Will","G","R","25382","5.65","2596","9.22","478","3.0%","","60","","141","","201","","276","",""
"Parallel Lives","G","M","9593","4.41","1241","6.54","1640","22.6%","47.3%","283","","373","","656","45.0%","981","48.8%","-3.9pp"
"Primal Vigor","G","R","23937","5.36","2603","8.51","1403","9.0%","45.2%","212","","325","","537","35.9%","863","51.0%","-15.0pp"
"Prismatic Omen","G","R","25979","5.72","3002","8.90","1623","9.0%","44.1%","288","","409","","697","40.9%","925","46.5%","-5.6pp"
"Season of Growth","G","U","172083","6.20","20636","9.35","34395","27.4%","52.8%","5989","51.7%","7766","50.6%","13755","51.1%","20630","54.0%","-2.9pp"
"Unnatural Growth","G","R","17777","3.82","2965","5.14","10641","59.8%","52.8%","1644","50.7%","2644","54.6%","4288","53.1%","6342","52.6%","0.5pp"
"Utopia Sprawl","G","U","115175","3.69","34620","4.40","180424","84.9%","55.7%","32577","62.4%","43658","54.4%","76235","57.8%","103979","54.3%","3.5pp"